bundesland,year,target,x_t-3,x_t-2,x_t-1,year-unnormalized
Hamburg,0.3787008850494588,1734272.0,-0.7190832187500417,-0.7158107690441542,-0.729860335027942,2012
